"IP","Hostname","Log Name","Date Time","Time Zone","Method","URL","Response Code","Bytes Sent","Referer","User Agent"
"63.88.73.11","11.73.88.63.ashburn.google-ggc.verizon.com","-","2004-03-07 16:05:49","GMT-0800","GET","/twiki/bin/edit/Main/Double_bounce_sender?topicparent=Main.ConfigurationVariables",401,12846,"",""
"64.242.88.10","","-","2004-03-07 16:06:51","GMT-0800","GET","/twiki/bin/rdiff/TWiki/NewUserTemplate?rev1=1.3&rev2=1.2",200,4523,"",""
"63.88.73.11","11.73.88.63.ashburn.google-ggc.verizon.com","-","2004-03-07 16:10:02","GMT-0800","GET","/mailman/listinfo/hsdivision",200,6291,"",""
"64.242.88.10","","-","2004-03-07 16:11:58","GMT-0800","GET","/twiki/bin/view/TWiki/WikiSyntax",200,7352,"",""
"64.242.88.10","","-","2004-03-07 16:20:55","GMT-0800","GET","/twiki/bin/view/Main/DCCAndPostFix",200,5253,"",""
"64.242.88.10","","-","2004-03-07 16:23:12","GMT-0800","GET","/twiki/bin/oops/TWiki/AppendixFileSystem?template=oopsmore¶m1=1.12¶m2=1.12",200,11382,"",""
"64.242.88.10","","-","2004-03-07 16:24:16","GMT-0800","GET","/twiki/bin/view/Main/PeterThoeny",200,4924,"",""
"64.242.88.10","","-","2004-03-07 16:29:16","GMT-0800","GET","/twiki/bin/edit/Main/Header_checks?topicparent=Main.ConfigurationVariables",401,12851,"",""
"63.88.73.11","11.73.88.63.ashburn.google-ggc.verizon.com","-","2004-03-07 16:30:29","GMT-0800","GET","/twiki/bin/attach/Main/OfficeLocations",401,12851,"",""
"64.242.88.10","","-","2004-03-07 16:31:48","GMT-0800","GET","/twiki/bin/view/TWiki/WebTopicEditTemplate",200,3732,"",""
"64.242.88.10","","-","2004-03-07 16:32:50","GMT-0800","GET","/twiki/bin/view/Main/WebChanges",200,40520,"",""
"64.242.88.10","","-","2004-03-07 16:33:53","GMT-0800","GET","/twiki/bin/edit/Main/Smtpd_etrn_restrictions?topicparent=Main.ConfigurationVariables",401,12851,"",""
"64.242.88.10","","-","2004-03-07 16:35:19","GMT-0800","GET","/mailman/listinfo/business",200,6379,"",""
"64.242.88.10","","-","2004-03-07 16:36:22","GMT-0800","GET","/twiki/bin/rdiff/Main/WebIndex?rev1=1.2&rev2=1.1",200,46373,"",""
"63.88.73.11","11.73.88.63.ashburn.google-ggc.verizon.com","-","2004-03-07 16:37:27","GMT-0800","GET","/twiki/bin/view/TWiki/DontNotify",200,4140,"",""
"64.242.88.10","","-","2004-03-07 16:39:24","GMT-0800","GET","/twiki/bin/view/Main/TokyoOffice",200,3853,"",""
"64.242.88.10","","-","2004-03-07 16:43:54","GMT-0800","GET","/twiki/bin/view/Main/MikeMannix",200,3686,"",""
"64.242.88.10","","-","2004-03-07 16:45:56","GMT-0800","GET","/twiki/bin/attach/Main/PostfixCommands",401,12846,"",""
"64.242.88.10","","-","2004-03-07 16:47:12","GMT-0800","GET","/robots.txt",200,68,"",""
"64.242.88.10","","-","2004-03-07 16:47:46","GMT-0800","GET","/twiki/bin/rdiff/Know/ReadmeFirst?rev1=1.5&rev2=1.4",200,5724,"",""
"64.242.88.10","","-","2004-03-07 16:49:04","GMT-0800","GET","/twiki/bin/view/Main/TWikiGroups?rev=1.2",200,5162,"",""
"64.242.88.10","","-","2004-03-07 16:50:54","GMT-0800","GET","/twiki/bin/rdiff/Main/ConfigurationVariables",200,59679,"",""
"64.242.88.10","","-","2004-03-07 16:52:35","GMT-0800","GET","/twiki/bin/edit/Main/Flush_service_name?topicparent=Main.ConfigurationVariables",401,12851,"",""
"64.242.88.10","","-","2004-03-07 16:53:46","GMT-0800","GET","/twiki/bin/rdiff/TWiki/TWikiRegistration",200,34395,"",""
"64.242.88.10","","-","2004-03-07 16:54:55","GMT-0800","GET","/twiki/bin/rdiff/Main/NicholasLee",200,7235,"",""
"64.242.88.10","","-","2004-03-07 16:56:39","GMT-0800","GET","/twiki/bin/view/Sandbox/WebHome?rev=1.6",200,8545,"",""
"64.242.88.10","","-","2004-03-07 16:58:54","GMT-0800","GET","/mailman/listinfo/administration",200,6459,"",""
"lordgun.org","mtl93-14-78-241-195-205.fbx.proxad.net","-","2004-03-07 17:01:53","GMT-0800","GET","/razor.html",200,2869,"",""
"64.242.88.10","","-","2004-03-07 17:09:01","GMT-0800","GET","/twiki/bin/search/Main/SearchResult?scope=text®ex=on&search=Joris%20*Benschop[^A-Za-z]",200,4284,"",""
"64.242.88.10","","-","2004-03-07 17:10:20","GMT-0800","GET","/twiki/bin/oops/TWiki/TextFormattingRules?template=oopsmore¶m1=1.37¶m2=1.37",200,11400,"",""
"64.242.88.10","","-","2004-03-07 17:13:50","GMT-0800","GET","/twiki/bin/edit/TWiki/DefaultPlugin?t=1078688936",401,12846,"",""
"64.242.88.10","","-","2004-03-07 17:16:00","GMT-0800","GET","/twiki/bin/search/Main/?scope=topic®ex=on&search=^g",200,3675,"",""
"64.242.88.10","","-","2004-03-07 17:17:27","GMT-0800","GET","/twiki/bin/search/TWiki/?scope=topic®ex=on&search=^d",200,5773,"",""
"lj1036.inktomisearch.com","unallocated.barefruit.co.uk","-","2004-03-07 17:18:36","GMT-0800","GET","/robots.txt",200,68,"",""
"lj1090.inktomisearch.com","unallocated.barefruit.co.uk","-","2004-03-07 17:18:41","GMT-0800","GET","/twiki/bin/view/Main/LondonOffice",200,3860,"",""
"64.242.88.10","","-","2004-03-07 17:21:44","GMT-0800","GET","/twiki/bin/attach/TWiki/TablePlugin",401,12846,"",""
"64.242.88.10","","-","2004-03-07 17:22:49","GMT-0800","GET","/twiki/bin/view/TWiki/ManagingWebs?rev=1.22",200,9310,"",""
"64.242.88.10","","-","2004-03-07 17:23:54","GMT-0800","GET","/twiki/bin/statistics/Main",200,808,"",""
"64.242.88.10","","-","2004-03-07 17:26:30","GMT-0800","GET","/twiki/bin/view/TWiki/WikiCulture",200,5935,"",""
"64.242.88.10","","-","2004-03-07 17:27:37","GMT-0800","GET","/twiki/bin/edit/Main/WebSearch?t=1078669682",401,12846,"",""
"64.242.88.10","","-","2004-03-07 17:28:45","GMT-0800","GET","/twiki/bin/oops/TWiki/ResetPassword?template=oopsmore¶m1=1.4¶m2=1.4",200,11281,"",""
"64.242.88.10","","-","2004-03-07 17:29:59","GMT-0800","GET","/twiki/bin/view/TWiki/ManagingWebs?skin=print",200,8806,"",""
"64.242.88.10","","-","2004-03-07 17:31:39","GMT-0800","GET","/twiki/bin/edit/Main/UvscanAndPostFix?topicparent=Main.WebHome",401,12846,"",""
"64.242.88.10","","-","2004-03-07 17:35:35","GMT-0800","GET","/twiki/bin/view/TWiki/KlausWriessnegger",200,3848,"",""
"64.242.88.10","","-","2004-03-07 17:39:39","GMT-0800","GET","/twiki/bin/view/Main/SpamAssassin",200,4081,"",""
"64.242.88.10","","-","2004-03-07 17:42:15","GMT-0800","GET","/twiki/bin/oops/TWiki/RichardDonkin?template=oopsmore¶m1=1.2¶m2=1.2",200,11281,"",""
"64.242.88.10","","-","2004-03-07 17:46:17","GMT-0800","GET","/twiki/bin/rdiff/TWiki/AlWilliams?rev1=1.3&rev2=1.2",200,4485,"",""
"64.242.88.10","","-","2004-03-07 17:47:43","GMT-0800","GET","/twiki/bin/rdiff/TWiki/AlWilliams?rev1=1.2&rev2=1.1",200,5234,"",""
"64.242.88.10","","-","2004-03-07 17:50:44","GMT-0800","GET","/twiki/bin/view/TWiki/SvenDowideit",200,3616,"",""
"64.242.88.10","","-","2004-03-07 17:53:45","GMT-0800","GET","/twiki/bin/search/Main/SearchResult?scope=text®ex=on&search=Office%20*Locations[^A-Za-z]",200,7771,"",""
